{"schemaVersion":"1.0","appDefinitionTemplate":{"id":"/providers/Microsoft.PowerApps/apps/","type":"Microsoft.PowerApps/apps","tags":{"primaryDeviceWidth":"1366","primaryDeviceHeight":"768","sienaVersion":"20210312T151946Z-3.21024.25.0","deviceCapabilities":"","supportsPortrait":"false","supportsLandscape":"true","primaryFormFactor":"Tablet","publisherVersion":"3.21024.25","minimumRequiredApiVersion":"2.2.0","hasComponent":"false","hasUnlockedComponent":"false","isUnifiedRootApp":"false"},"properties":{"appVersion":"2021-03-12T15:19:46Z","lifeCycleId":"Published","createdByClientVersion":{"major":3,"minor":21024,"build":25,"revision":0,"majorRevision":0,"minorRevision":0},"minClientVersion":{"major":3,"minor":21024,"build":25,"revision":0,"majorRevision":0,"minorRevision":0},"backgroundColor":"rgba(0, 176, 240, 1)","backgroundImageUri":"/18292167442055684185/Nd6afaea0-ec84-44b8-a45a-092ccf5eac11-logoSmallFile","displayName":"LiveTeamSchedule","description":"","commitMessage":"","appUris":{"documentUri":{"value":"/18292167442055684185/N2fddf6a3-f892-4dbc-9548-ab4d8e1f0ab2-document.msapp"},"imageUris":[]},"createdTime":"0001-01-01T00:00:00Z","lastModifiedTime":"0001-01-01T00:00:00Z","sharedGroupsCount":0,"sharedUsersCount":0,"icons":{"smallIconUri":"/18292167442055684185/N73da7fa7-d6ea-43bb-bbdc-287605e0965f-small.png","mediumIconUri":"/18292167442055684185/Nbbac4b88-c8ce-4a9a-9858-012deb8e02c7-medium.png","largeIconUri":"/18292167442055684185/N2d558e01-d5e5-4410-859e-174499aeb1b6-large.png","wideIconUri":"/18292167442055684185/N25846d30-9592-4da8-a73f-6095525b20e9-wide.png"},"connectionReferences":{"e741eade-6e9b-43bd-a811-05642d4816bd":{"id":"bed74952-a851-432c-899b-ff627b08b882","displayName":"SharePoint","iconUri":"https://connectoricons-prod.azureedge.net/releases/v1.0.1445/1.0.1445.2347/sharepointonline/icon.png","dataSources":["Schedule"],"dependencies":[],"dependents":[],"parameterHints":{},"isOnPremiseConnection":false,"bypassConsent":false,"dataSets":{"https://uwoca.sharepoint.com/sites/LiveTeamSchedule":{"dataSources":{"Schedule":{"tableName":"03f11f18-ce81-4777-9407-3e0988a2133d"}}}},"apiTier":"Standard","isCustomApiConnection":false},"ccf14e03-b278-44b5-86ea-a1f350cd81fc":{"id":"4e04d4e7-c1f4-410a-9f15-cb0dba555d6d","displayName":"Logic flows","iconUri":"https://connectoricons-prod.azureedge.net/releases/v1.0.1438/1.0.1438.2324/logicflows/icon.png","dataSources":["PowerApp->PostamessageastheFlowbottoauser"],"dependencies":["55011bb1-0abd-4503-9f94-9c86d603a40c"],"dependents":[],"parameterHints":{"workflowName":{"value":"045d5886-575c-4ddf-879c-82beaf3e8fa6"},"55011bb1-0abd-4503-9f94-9c86d603a40c":{"value":"shared_teams"}},"isOnPremiseConnection":false,"bypassConsent":false,"dataSets":{},"apiTier":"Standard","isCustomApiConnection":false,"actions":["Run"]},"55011bb1-0abd-4503-9f94-9c86d603a40c":{"id":"486c2e49-9464-4eb2-aae5-0659027307ec","displayName":"Microsoft Teams","iconUri":"https://connectoricons-prod.azureedge.net/releases/v1.0.1436/1.0.1436.2319/teams/icon.png","dataSources":[],"dependencies":[],"dependents":["ccf14e03-b278-44b5-86ea-a1f350cd81fc"],"parameterHints":{},"isOnPremiseConnection":false,"bypassConsent":false,"dataSets":{},"apiTier":"Standard","isCustomApiConnection":false}},"databaseReferences":{},"almMode":"Environment","performanceOptimizationEnabled":true,"canConsumeAppPass":true,"executionRestrictions":{"isTeamsOnly":false,"dataLossPreventionEvaluationResult":{"status":"Compliant","lastEvaluationDate":"2021-03-12T06:13:03.3855828Z","violationDetails":[]}}},"isAppComponentLibrary":false,"appType":"ClassicCanvasApp","appComponents":[]}}