{"name":"d9c7ee57-33b5-451a-a335-808feda1e57b","id":"/providers/Microsoft.Flow/flows/d9c7ee57-33b5-451a-a335-808feda1e57b","type":"Microsoft.Flow/flows","properties":{"apiId":"/providers/Microsoft.PowerApps/apis/shared_logicflows","displayName":"PowerApp -> Post a message as the Flow bot to a user","definition":{"metadata":{"workflowEntityId":null,"flowclientsuspensionreason":"None","flowclientsuspensiontime":null,"creator":{"id":"00ee436a-05d3-42e0-82d6-62b65f280c9e","type":"User","tenantId":"ad93a64d-ad0d-4ecd-b2fd-e53ce15965be"},"provisioningMethod":"FromDefinition","failureAlertSubscription":true,"clientLastModifiedTime":"2021-03-12T15:12:15.2868198Z"},"$schema":"https://schema.management.azure.com/providers/Microsoft.Logic/schemas/2016-06-01/workflowdefinition.json#","contentVersion":"1.0.0.0","parameters":{"$connections":{"defaultValue":{},"type":"Object"},"$authentication":{"defaultValue":{},"type":"SecureObject"}},"triggers":{"manual":{"type":"Request","kind":"PowerApp","inputs":{"schema":{"type":"object","properties":{"PostamessageastheFlowbottoauser_Message":{"type":"string","description":". This parameter is used as part of \"F5F941CD-6640-4521-A99E-06B28FBDB45F\"","x-ms-powerflows-param-ispartial":true},"PostamessageastheFlowbottoauser_Message_1":{"type":"string"}},"required":["PostamessageastheFlowbottoauser_Message","PostamessageastheFlowbottoauser_Message_1"]}}}},"actions":{"Post_a_message_as_the_Flow_bot_to_a_user":{"runAfter":{},"type":"OpenApiConnection","inputs":{"host":{"apiId":"/providers/Microsoft.PowerApps/apis/shared_teams","connectionName":"shared_teams","operationId":"PostUserNotification"},"parameters":{"PostNotificationRequest/recipient/to":"tbuwadi@uwo.ca","PostNotificationRequest/messageBody":"@{triggerBody()['PostamessageastheFlowbottoauser_Message']} has clocked @{triggerBody()['PostamessageastheFlowbottoauser_Message_1']} !","PostNotificationRequest/messageTitle":"Live Schedule","PostNotificationRequest/recipient/summary":"@{triggerBody()['PostamessageastheFlowbottoauser_Message']} has clocked @{triggerBody()['PostamessageastheFlowbottoauser_Message_1']}!"},"authentication":{"value":"@json(decodeBase64(triggerOutputs().headers['X-MS-APIM-Tokens']))['$ConnectionKey']","type":"Raw"}}}}},"connectionReferences":{"shared_teams":{"connectionName":"shared-teams-514f51ff-ea03-4626-95ce-c8d2-e2df4b05","source":"Invoker","id":"/providers/Microsoft.PowerApps/apis/shared_teams","tier":"NotSpecified"}},"flowFailureAlertSubscribed":false}}